{"RuleTriggered": 0, "Violations": 0, "Details": {"pin_memory": false, "num_workers": 0, "cores": 36, "dataloaders": 1, "dataloading_time": {"p25": 0.022689249999999998, "p50": 0.0234085, "p95": 0.0257089, "probs": [1, 0, 0, 0, 0, 0, 0, 0, 0, 0, 0, 0, 0, 0, 0, 0, 0, 0, 0, 0, 0, 0, 0, 0, 0, 0, 0, 0, 0, 0, 0, 0, 0, 0, 0, 0, 0, 0, 0, 0, 0, 0, 0, 0, 0, 0, 0, 0, 0, 0, 0, 0, 0, 0, 0, 0, 0, 0, 0, 0, 0, 0, 0, 0, 0, 0, 0, 0, 0, 0, 0, 0, 0, 0, 0, 0, 0, 0, 0, 1, 1, 0, 0, 1, 1, 0, 0, 1, 0, 0, 0, 1, 0, 0, 0, 0, 0, 0, 0, 1], "binedges": [0.008246, 0.00842597, 0.00860594, 0.00878591, 0.008965879999999999, 0.00914585, 0.00932582, 0.00950579, 0.00968576, 0.00986573, 0.0100457, 0.01022567, 0.01040564, 0.010585609999999999, 0.01076558, 0.01094555, 0.01112552, 0.01130549, 0.01148546, 0.011665430000000001, 0.011845399999999999, 0.01202537, 0.01220534, 0.01238531, 0.01256528, 0.01274525, 0.01292522, 0.01310519, 0.01328516, 0.013465129999999999, 0.0136451, 0.01382507, 0.01400504, 0.01418501, 0.01436498, 0.014544950000000001, 0.014724919999999999, 0.01490489, 0.01508486, 0.01526483, 0.0154448, 0.01562477, 0.015804739999999998, 0.01598471, 0.01616468, 0.016344650000000002, 0.01652462, 0.01670459, 0.01688456, 0.01706453, 0.0172445, 0.017424469999999997, 0.01760444, 0.01778441, 0.017964380000000002, 0.01814435, 0.018324319999999998, 0.01850429, 0.01868426, 0.01886423, 0.0190442, 0.01922417, 0.01940414, 0.019584110000000002, 0.01976408, 0.019944049999999998, 0.02012402, 0.02030399, 0.02048396, 0.02066393, 0.0208439, 0.02102387, 0.02120384, 0.02138381, 0.021563779999999998, 0.02174375, 0.02192372, 0.022103690000000002, 0.02228366, 0.02246363, 0.0226436, 0.02282357, 0.02300354, 0.023183509999999997, 0.02336348, 0.02354345, 0.023723420000000002, 0.02390339, 0.02408336, 0.02426333, 0.0244433, 0.02462327, 0.02480324, 0.02498321, 0.02516318, 0.02534315, 0.02552312, 0.02570309, 0.02588306, 0.02606303, 0.026243]}}, "Datapoints": 8, "RuleParameters": "min_threshold:70\nmax_threshold:200"}