{"RuleTriggered": 0, "Violations": 0, "Details": {"step_num": {"first": 1649533860313823, "last": 1649536307552274}, "job_start": 1649533762.896853, "job_end": 1649536319.897216}, "Datapoints": 84, "RuleParameters": "threshold:20"}