{"RuleTriggered": 0, "Violations": 0, "Details": {"ratio": {"cpu_functions": 100.0}, "phase": {"Step:ModeKeys.GLOBAL": 92.25955988854697, "others": 7.740440111453027}, "phase_time": {}, "general": {"DataLoaderIterInitialize": 0.01926978653312453, "Forward": 99.97243453161012, "DataLoaderIter": 0.008295681856758512}, "CPU": {"dropout": 3.1291975901884634, "matmul": 11.727706308716511, "mm": 31.190650388419716, "NativeLayerNormBackward": 5.572450543794388, "native_layer_norm_backward": 5.570993123210641, "MmBackward": 20.870563172717187, "GeluBackward": 10.969374488583297, "gelu_backward": 10.969064384369798}, "CPU_total": {"dropout": 9041351, "matmul": 33885463, "mm": 90120745, "NativeLayerNormBackward": 16100767, "native_layer_norm_backward": 16096556, "MmBackward": 60302388, "GeluBackward": 31694376, "gelu_backward": 31693480}}, "Datapoints": 0, "RuleParameters": ""}